Code produit Fournisseur;Désignation du produit (NOM COMMERCIAL);Prix d'achat HT;Frais de Livraison;Prix de vente conseillé TTC;Ecotaxe;TVA;Delai de livraison;Produit disponible
844;Abelia grandiflora  Kaleidoscope ;26.4;;;0.00;Taux réduit (10%);1 Semaine;Oui
5665;Abelia grandiflora  Kaleidoscope ;38.60;;;;Taux réduit (10%);1 Semaine;Oui
4821;Abelia grandiflora ;25.00;;;;Taux réduit (10%);1 Semaine;Oui
729;Mimosa été;27.80;;;;Taux réduit (10%);1 Semaine;Oui
492;Erable palmatum 'Atropurpureum';29.90;;;;Taux réduit (10%);1 Semaine;Oui
1760;Mimosa été;1;;;;Taux réduit (10%);1 Semaine;Epuisé/Supprimé
495;Erable palmatum 'Atropurpureum';50.00;;;;Taux réduit (10%);1 Semaine;Oui
4851;Erable palmatum;26.70;;;;Taux réduit (10%);1 Semaine;Oui
2292;Erable palmatum dissectum Atropurpureum;42.00;;;;Taux réduit (10%);1 Semaine;Oui
3590;Erable palmatum dissectum 'Viride';42.00;;;;Taux réduit (10%);1 Semaine;Oui
7403-B7L;Agapanthe ombellatus 'Alba';38.50;;;;Taux réduit (10%);1 Semaine;Oui
3597-BE3L;Agapanthe ombellatus (Bleu);26.60;;;;Taux réduit (10%);1 Semaine;Oui
3597-B3L;Agapanthe ombellatus 'Alba';26.60;;;;Taux réduit (10%);1 Semaine;Oui
7403-BE7L;Agapanthe ombellatus (Bleu);38.50;;;;Taux réduit (10%);1 Semaine;Oui
3100;Agave americana;28.90;;;;Taux réduit (10%);1 Semaine;Oui
150;Agave americana;42.70;;;;Taux réduit (10%);1 Semaine;Oui
7029;Agave americana;57.00;;;;Taux réduit (10%);1 Semaine;Oui
5209;Agave americana  Variegata ;28.90;;;;Taux réduit (10%);1 Semaine;Oui
5211;Agave americana  Variegata ;42.70;;;;Taux réduit (10%);1 Semaine;Oui
5212;Agave americana  Variegata ;57.00;;;;Taux réduit (10%);1 Semaine;Oui
8616;Agave americana  Mediopicta ;44.00;;;;Taux réduit (10%);1 Semaine;Oui
5210;Agave americana  Mediopicta ;33.00;;;;Taux réduit (10%);1 Semaine;Oui
8746;Agave potatorum;33.00;;;;Taux réduit (10%);1 Semaine;Oui
8693;Albizia julibrissin 'Ombrella';31.90;;;;Taux réduit (10%);1 Semaine;Oui
6569;Albizia julibrissin 'Summer chocolate';33.80;;;;Taux réduit (10%);1 Semaine;Oui
4853;Aralia sieboldii;28.30;;;;Taux réduit (10%);1 Semaine;Oui
3594;Aralia sieboldii;39.80;;;;Taux réduit (10%);1 Semaine;Oui
556;Arbousier unedo;27.00;;;;Taux réduit (10%);1 Semaine;Oui
3543;Arbousier unedo;39.80;;;;Taux réduit (10%);1 Semaine;Oui
6570;Aralia sieboldii;58.50;;;;Taux réduit (10%);1 Semaine;Oui
7026;Arbousier unedo;46.90;;;;Taux réduit (10%);1 Semaine;Oui
4857;Canne de provence donax  Variegata ;27.50;;;;Taux réduit (10%);1 Semaine;Oui
5906;Canne de provence donax  Variegata ;41.50;;;;Taux réduit (10%);1 Semaine;Oui
5871;Bamb Hibanobambousa tranquillans Shiro;1;;;;Taux réduit (10%);1 Semaine;Epuisé/Supprimé
5242;Bambou Phyllostachys aurea;45.40;;;;Taux réduit (10%);1 Semaine;Oui
7539;Bambou Fargesia 'Rufa';33.40;;;;Taux réduit (10%);1 Semaine;Oui
5883;Bambou Fargesia 'Rufa';45.40;;;;Taux réduit (10%);1 Semaine;Oui
2903;Bamb Phyllostachys aureosulcata Specta;45.40;;;;Taux réduit (10%);1 Semaine;Oui
3314;Bambou Phyllostachys bissetti;45.40;;;;Taux réduit (10%);1 Semaine;Oui
4859;Bambou Phyllostachys nigra;48.00;;;;Taux réduit (10%);1 Semaine;Oui
5573;Bambou Pseudosasa japonica;45.40;;;;Taux réduit (10%);1 Semaine;Oui
4080;Bignone grandiflora;29.80;;;;Taux réduit (10%);1 Semaine;Oui
311;Palmier capitata;38.64;;;;Taux réduit (10%);1 Semaine;Oui
1802-20;Palmier capitata;1;;;;Taux réduit (10%);1 Semaine;Epuisé/Supprimé
7562;Palmier capitata;118;;;;Taux réduit (10%);1 Semaine;Oui
530;Bignone tagliabuana 'Mme Galen';29.80;;;;Taux réduit (10%);1 Semaine;Oui
8607;Buis sempervirens;30.00;;;;Taux réduit (10%);1 Semaine;Oui
5572;Buis sempervirens;39.80;;;;Taux réduit (10%);1 Semaine;Oui
5901;Buis sempervirens;49.80;;;;Taux réduit (10%);1 Semaine;Oui
8164;Buis sempervirens;78.00;;;;Taux réduit (10%);1 Semaine;Oui
1613;Buis sempervirens;107.00;;;;Taux réduit (10%);1 Semaine;Oui
590;Oiseau de Paradis;28.30;;;;Taux réduit (10%);1 Semaine;Oui
592;Arbuste aux bonbons;26.50;;;;Taux réduit (10%);1 Semaine;Oui
591;Callistemon laevis;26.20;;;;Taux réduit (10%);1 Semaine;Oui
1272;Callistemon laevis;38.20;;;;Taux réduit (10%);1 Semaine;Oui
8199;Callistemon citrinus  Splendens ;26.20;;;;Taux réduit (10%);1 Semaine;Oui
7920;Callistemon citrinus  Splendens ;38.20;;;;Taux réduit (10%);1 Semaine;Oui
7402;Caryopteris clandonensis  Grand bleu ;25.40;;;;Taux réduit (10%);1 Semaine;Oui
1077;Caryopteris incana  Summer Sorbet ;26.60;;;;Taux réduit (10%);1 Semaine;Oui
5849;Caryopteris clandonensis  Wh Surprise ;26.60;;;;Taux réduit (10%);1 Semaine;Oui
7842;Palmier Chamaerops humilis;28.90;;;;Taux réduit (10%);1 Semaine;Oui
8799;Palmier Chamaerops humilis;41.80;;;;Taux réduit (10%);1 Semaine;Oui
8832;Palmier Chamaerops humilis;54.50;;;;Taux réduit (10%);1 Semaine;Oui
1256;Palmier Chamaerops humilis  Vulcano ;44.50;;;;Taux réduit (10%);1 Semaine;Oui
4787;Bambou sacré;26.20;;;;Taux réduit (10%);1 Semaine;Oui
4657;Nandina fire power;26.20;;;;Taux réduit (10%);1 Semaine;Oui
7654-RO3L;Laurier Rose (rose);26.20;;;;Taux réduit (10%);1 Semaine;Oui
694-RO7L;Laurier Rose (rose);38.00;;;;Taux réduit (10%);1 Semaine;Oui
6484-RO14L;Laurier Rose (rose);48.00;;;;Taux réduit (10%);1 Semaine;Oui
3862-RO25L;Laurier Rose (rose);87.50;;;;Taux réduit (10%);1 Semaine;Oui
7654-R3L;Laurier Rose (rouge);26.20;;;;Taux réduit (10%);1 Semaine;Oui
694-R7L;Laurier Rose (rouge);38.00;;;;Taux réduit (10%);1 Semaine;Oui
6484-R14L;Laurier Rose (rouge);48.00;;;;Taux réduit (10%);1 Semaine;Oui
3862-R25L;Laurier Rose (rouge);87.50;;;;Taux réduit (10%);1 Semaine;Oui
7654-B3L;Laurier Rose (blanc);26.20;;;;Taux réduit (10%);1 Semaine;Oui
694-B7L;Laurier Rose (blanc);38.00;;;;Taux réduit (10%);1 Semaine;Oui
6484-B14L;Laurier Rose (blanc);48.00;;;;Taux réduit (10%);1 Semaine;Oui
3862-B25L;Laurier Rose (blanc);87.50;;;;Taux réduit (10%);1 Semaine;Oui
3864;Olivier europea;43.90;;;;Taux réduit (10%);1 Semaine;Oui
7901;Olivier europea;1;;;;Taux réduit (10%);1 Semaine;Epuisé/Supprimé
2651;Olivier europea;58.00;;;;Taux réduit (10%);1 Semaine;Oui
4843;Olivier europea;94.00;;;;Taux réduit (10%);1 Semaine;Oui
742;Perovskia atriplicifolia;25.00;;;;Taux réduit (10%);1 Semaine;Oui
1719;Palmier des Canaries;27.20;;;;Taux réduit (10%);1 Semaine;Oui
8113;Palmier des Canaries;38.70;;;;Taux réduit (10%);1 Semaine;Oui
4993;Phormium tenax  Purpureum ;29.10;;;;Taux réduit (10%);1 Semaine;Oui
4996;Phormium tenax  Variegatum ;27.90;;;;Taux réduit (10%);1 Semaine;Oui
4997;Phormium tenax  Variegatum ;42.00;;;;Taux réduit (10%);1 Semaine;Oui
743;Phormium tenax;29.10;;;;Taux réduit (10%);1 Semaine;Oui
1055;Photinia  Little Red Robin ;26.20;;;;Taux réduit (10%);1 Semaine;Oui
4671;Photinia  Pink Marble ;27.10;;;;Taux réduit (10%);1 Semaine;Oui
4708;Photinia  Pink Marble ;42.60;;;;Taux réduit (10%);1 Semaine;Oui
744;Photinia  Red Robin ;25.80;;;;Taux réduit (10%);1 Semaine;Oui
3432;Photinia  Red Robin ;1;;;;Taux réduit (10%);1 Semaine;Epuisé/Supprimé
1541;Photinia  Red Robin ;37.60;;;;Taux réduit (10%);1 Semaine;Oui
7935;Pin parasol;74.50;;;;Taux réduit (10%);1 Semaine;Oui
1468;Pin parasol;109.40;;;;Taux réduit (10%);1 Semaine;Oui
2411;Pittosporum tenuifolium  variegatum ;26.40;;;;Taux réduit (10%);1 Semaine;Oui
519;Pittosporum tenuifolium  variegatum ;39.80;;;;Taux réduit (10%);1 Semaine;Oui
1257;Palmier Chamaerops humilis  Vulcano ;113.00;;;;Taux réduit (10%);1 Semaine;Oui
1350;Palmier Chamaerops humilis  Vulcano ;71.00;;;;Taux réduit (10%);1 Semaine;Oui
2945;Convolvulus cneorum;25.70;;;;Taux réduit (10%);1 Semaine;Oui
1096;Cyprès de Provence  Stricta ;45.10;;;;Taux réduit (10%);1 Semaine;Oui
1099;Cyprès de Provence  Stricta ;65.00;;;;Taux réduit (10%);1 Semaine;Oui
1102;Cyprès de Provence  Stricta ;51.00;;;;Taux réduit (10%);1 Semaine;Oui
1103;Cyprès de Provence  Stricta ;71.00;;;;Taux réduit (10%);1 Semaine;Oui
1094;Cyprès de Provence  Stricta ;104.00;;;;Taux réduit (10%);1 Semaine;Oui
4581;Cyprès de Provence  Totem ;47.00;;;;Taux réduit (10%);1 Semaine;Oui
2336;Cyprès de Provence  Totem ;64.00;;;;Taux réduit (10%);1 Semaine;Oui
2969;Cyprès de Provence  Totem ;85.00;;;;Taux réduit (10%);1 Semaine;Oui
8829;Cycas revoluta;37.10;;;;Taux réduit (10%);1 Semaine;Oui
1092;Cyprès de Provence  Totem ;76.00;;;;Taux réduit (10%);1 Semaine;Oui
5342;Cycas revoluta;52.10;;;;Taux réduit (10%);1 Semaine;Oui
8515;Dasylirion glaucophyllum;1;;;;Taux réduit (10%);1 Semaine;Epuisé/Supprimé
4451;Dasylirion glaucophyllum;50.00;;;;Taux réduit (10%);1 Semaine;Oui
7284;Delosperma cooperi;24.20;;;;Taux réduit (10%);1 Semaine;Oui
904;Dasylirion glaucophyllum;115.00;;;;Taux réduit (10%);1 Semaine;Oui
6524;Fougère arborescente;60.00;;;;Taux réduit (10%);1 Semaine;Oui
8822;Fougère arborescente;80.00;;;;Taux réduit (10%);1 Semaine;Oui
8823;Fougère arborescente;120.00;;;;Taux réduit (10%);1 Semaine;Oui
9006;Fougère arborescente;182.00;;;;Taux réduit (10%);1 Semaine;Oui
8824;Fougère arborescente;228.00;;;;Taux réduit (10%);1 Semaine;Oui
632;Cordyline;39.80;;;;Taux réduit (10%);1 Semaine;Oui
8690;Cordyline;47.40;;;;Taux réduit (10%);1 Semaine;Oui
631;Cordyline;25.90;;;;Taux réduit (10%);1 Semaine;Oui
4586;Eleagnus eleador;28.00;;;;Taux réduit (10%);1 Semaine;Oui
8290;Néflier du japon;75.00;;;;Taux réduit (10%);1 Semaine;Oui
50;Goyavier du Bresil;27.60;;;;Taux réduit (10%);1 Semaine;Oui
656;Fuchsia ricartoni;25.00;;;;Taux réduit (10%);1 Semaine;Oui
5339;Goyavier du Bresil;43.30;;;;Taux réduit (10%);1 Semaine;Oui
1297;Gaura lindheimeri;25.00;;;;Taux réduit (10%);1 Semaine;Oui
1290;Gaura lindheimeri;25.00;;;;Taux réduit (10%);1 Semaine;Oui
3065;Gunnera manicata;43.40;;;;Taux réduit (10%);1 Semaine;Oui
5111;Helichrysum italicum  Serotinum ;25.00;;;;Taux réduit (10%);1 Semaine;Oui
5120;Gaura lindheimeri  Rosyjane ;25.00;;;;Taux réduit (10%);1 Semaine;Oui
8146-E4/5L;Hortensia macrophylla 'Elbtal';28.30;;;;Taux réduit (10%);1 Semaine;Oui
8146-T4/5L;Hortensia macrophylla 'Teller Kardinal';28.30;;;;Taux réduit (10%);1 Semaine;Oui
8146-L4/5L;Hortensia macrophylla 'Leuchtfeuer';28.30;;;;Taux réduit (10%);1 Semaine;Oui
8146-TL4/5L;Hortensia macrophylla 'Teller libelle';28.30;;;;Taux réduit (10%);1 Semaine;Oui
8146-R4/5L;Hortensia macrophylla 'Rosita';28.30;;;;Taux réduit (10%);1 Semaine;Oui
8146-TM4/5L;Hortensia macrophylla 'Teller messalina';28.30;;;;Taux réduit (10%);1 Semaine;Oui
1502;Hortensia paniculata 'Great star';27.90;;;;Taux réduit (10%);1 Semaine;Oui
1503;Hortensia paniculata 'Phantom';27.90;;;;Taux réduit (10%);1 Semaine;Oui
696;Laurier Sauce;26.00;;;;Taux réduit (10%);1 Semaine;Oui
1025;Hortensia paniculata 'Vanille-Fraise';27.90;;;;Taux réduit (10%);1 Semaine;Oui
2776;Lilas des indes;28.40;;;;Taux réduit (10%);1 Semaine;Oui
1755;Laurier Sauce;28.70;;;;Taux réduit (10%);1 Semaine;Oui
7039;Laurier Sauce;31.70;;;;Taux réduit (10%);1 Semaine;Oui
2616;Laurier Sauce;42.90;;;;Taux réduit (10%);1 Semaine;Oui
7647;Lavande angustifolia;24.10;;;;Taux réduit (10%);1 Semaine;Oui
5379;Lavande intermedia 'Dutch';24.10;;;;Taux réduit (10%);1 Semaine;Oui
5387;Lavande intermedia 'Grosso';24.10;;;;Taux réduit (10%);1 Semaine;Oui
6675;Troëne jonandrum;54.50;;;;Taux réduit (10%);1 Semaine;Oui
3922;Lavande angustifolia 'Hidcote Blue';24.60;;;;Taux réduit (10%);1 Semaine;Oui
5391;Lavande stoechas pedunculata;24.60;;;;Taux réduit (10%);1 Semaine;Oui
1780;Troëne jonandrum;66.80;;;;Taux réduit (10%);1 Semaine;Oui
7912;Troëne jonandrum;118.00;;;;Taux réduit (10%);1 Semaine;Oui
1591;Goji barbarum;25.40;;;;Taux réduit (10%);1 Semaine;Oui
707;Magnolia grandiflora;30.60;;;;Taux réduit (10%);1 Semaine;Oui
2179;Pommier à fleur evereste;27.00;;;;Taux réduit (10%);1 Semaine;Oui
710;Magnolia grandiflora;44.20;;;;Taux réduit (10%);1 Semaine;Oui
6703;Myrte communis tarentina;26.20;;;;Taux réduit (10%);1 Semaine;Oui
4155;Pittosporum tenuifolium  Variegatum ;45.00;;;;Taux réduit (10%);1 Semaine;Oui
1283;Pittosporum tobira;39.90;;;;Taux réduit (10%);1 Semaine;Oui
748;Pittosporum tobira  Nana ;27.40;;;;Taux réduit (10%);1 Semaine;Oui
7609;Pittosporum tobira;26.50;;;;Taux réduit (10%);1 Semaine;Oui
4506;Pittosporum tobira  Nana ;49.00;;;;Taux réduit (10%);1 Semaine;Oui
8497;Polygala myrtifolia;27.10;;;;Taux réduit (10%);1 Semaine;Oui
1340;Polygala myrtifolia;39.80;;;;Taux réduit (10%);1 Semaine;Oui
754;Ceriser à fleurs pissardii;26.40;;;;Taux réduit (10%);1 Semaine;Oui
2938;Chêne vert;31.70;;;;Taux réduit (10%);1 Semaine;Oui
1611;Chêne vert;27.80;;;;Taux réduit (10%);1 Semaine;Oui
1722;Jasmin étoilé;28.40;;;;Taux réduit (10%);1 Semaine;Oui
724;Chêne vert;51.30;;;;Taux réduit (10%);1 Semaine;Oui
3777;Jasmin étoilé;42.90;;;;Taux réduit (10%);1 Semaine;Oui
135;Robinia  Twisty Baby ;62.70;;;;Taux réduit (10%);1 Semaine;Oui
7160;Rosier  Calizia  noa 97400a;25.80;;;;Taux réduit (10%);1 Semaine;Oui
6268;Rosier  Emera  noatraum;25.80;;;;Taux réduit (10%);1 Semaine;Oui
3546;Rosier  Isalia  noat1804;25.80;;;;Taux réduit (10%);1 Semaine;Oui
6274;Rosier  Mareva  noamel;25.80;;;;Taux réduit (10%);1 Semaine;Oui
6494;Rosier  Suneva  noalesae;25.80;;;;Taux réduit (10%);1 Semaine;Oui
7137;Rosier  Vésuvia  noare;25.80;;;;Taux réduit (10%);1 Semaine;Oui
6270;Rosier  Opalia  noaschnee;25.80;;;;Taux réduit (10%);1 Semaine;Oui
6443;Saule integra  Hakuro Nishiki;37.70;;;;Taux réduit (10%);1 Semaine;Oui
3791;Jasmin du brésil;26.20;;;;Taux réduit (10%);1 Semaine;Oui
6290;Saule tortuosa;25.00;;;;Taux réduit (10%);1 Semaine;Oui
3790;Jasmin du brésil;26.20;;;;Taux réduit (10%);1 Semaine;Oui
2714;Genêt junceum;1;;;;Taux réduit (10%);1 Semaine;Epuisé/Supprimé
657;Genêt junceum;25.00;;;;Taux réduit (10%);1 Semaine;Oui
7723;Palmier de Chine;47.40;;;;Taux réduit (10%);1 Semaine;Oui
8509;Palmier de Chine;64.00;;;;Taux réduit (10%);1 Semaine;Oui
3638;Palmier de Chine;81.00;;;;Taux réduit (10%);1 Semaine;Oui
3639;Palmier de Chine;113.00;;;;Taux réduit (10%);1 Semaine;Oui
700;Viorne plicatum  Lanarth ;26.60;;;;Taux réduit (10%);1 Semaine;Oui
588;Viorne opulus  Roseum ;26.20;;;;Taux réduit (10%);1 Semaine;Oui
698;Laurier Tin;25.00;;;;Taux réduit (10%);1 Semaine;Oui
699;Laurier Tin;26.40;;;;Taux réduit (10%);1 Semaine;Oui
7550;Laurier Tin;39.30;;;;Taux réduit (10%);1 Semaine;Oui
1390;Arbre au poivre;26.40;;;;Taux réduit (10%);1 Semaine;Oui
1566;Weigelia  Bristol Ruby ;25.00;;;;Taux réduit (10%);1 Semaine;Oui
2740;Weigelia florida  Purpurea ;25.00;;;;Taux réduit (10%);1 Semaine;Oui
3192;Weigelia  Snowflake ;25.00;;;;Taux réduit (10%);1 Semaine;Oui
8455;Weigelia  Stelzneri ;25.00;;;;Taux réduit (10%);1 Semaine;Oui
1481;Yucca  Colour Guard ;29.30;;;;Taux réduit (10%);1 Semaine;Oui
509;Yucca filamentosa  Ivory Tower ;1;;;;Taux réduit (10%);1 Semaine;Epuisé/Supprimé
990;Yucca rostrata;36.00;;;;Taux réduit (10%);1 Semaine;Oui
5198;Acorus gramineus  Ogon ;23.60;;;;Taux réduit (10%);1 Semaine;Oui
2888;Acorus variegata;23.60;;;;Taux réduit (10%);1 Semaine;Oui
3325;Carex buchananii;23.60;;;;Taux réduit (10%);1 Semaine;Oui
357;Calamagrostis acutiflora  Overdam ;23.60;;;;Taux réduit (10%);1 Semaine;Oui
8245;Carex  Ever Gold ;23.60;;;;Taux réduit (10%);1 Semaine;Oui
1514;Carex testacea  Prairie Fire ;23.60;;;;Taux réduit (10%);1 Semaine;Oui
7974;Fetuque;23.60;;;;Taux réduit (10%);1 Semaine;Oui
2643;Imperata cylindrica  Red Baron ;23.60;;;;Taux réduit (10%);1 Semaine;Oui
8579;Cheveux d ange;23.60;;;;Taux réduit (10%);1 Semaine;Oui
4475;Agave americana;74.00;;;;Taux réduit (10%);1 Semaine;Oui
1111;Agave americana;111.00;;;;Taux réduit (10%);1 Semaine;Oui
4286;Agave americana;158.00;;;;Taux réduit (10%);1 Semaine;Oui
2104;Agave americana  Variegata ;74.00;;;;Taux réduit (10%);1 Semaine;Oui
1337;Agave americana  Variegata ;111.00;;;;Taux réduit (10%);1 Semaine;Oui
1294;Agave americana  Variegata ;158.00;;;;Taux réduit (10%);1 Semaine;Oui
2396;Albizia julibrissin 'Summer chocolate';1;;;;Taux réduit (10%);1 Semaine;Epuisé/Supprimé
8627;Albizia julibrissin 'Summer chocolate';1;;;;Taux réduit (10%);1 Semaine;Epuisé/Supprimé
5848;Arbousier unedo;67.90;;;;Taux réduit (10%);1 Semaine;Oui
6572;Arbousier unedo;78.90;;;;Taux réduit (10%);1 Semaine;Oui
4488;Arbousier unedo;133.70;;;;Taux réduit (10%);1 Semaine;Oui
1802;Palmier capitata;65.00;;;;Taux réduit (10%);1 Semaine;Oui
367;Palmier capitata;210.00;;;;Taux réduit (10%);1 Semaine;Oui
7855;Palmier Chamaerops humilis;70.90;;;;Taux réduit (10%);1 Semaine;Oui
8622;Palmier Chamaerops humilis  Vulcano ;30.60;;;;Taux réduit (10%);1 Semaine;Oui
4578;Cyprès de Provence  Stricta ;1;;;;Taux réduit (10%);1 Semaine;Epuisé/Supprimé
1850;Cyprès de Provence  Totem ;1;;;;Taux réduit (10%);1 Semaine;Epuisé/Supprimé
8713;Cycas revoluta;60.00;;;;Taux réduit (10%);1 Semaine;Oui
8412;Cycas revoluta;102.00;;;;Taux réduit (10%);1 Semaine;Oui
9007;Fougère arborescente;510.00;;;;Taux réduit (10%);1 Semaine;Oui
9008;Fougère arborescente;1060.00;;;;Taux réduit (10%);1 Semaine;Oui
633;Cordyline;67.00;;;;Taux réduit (10%);1 Semaine;Oui
2971;Cordyline;108.00;;;;Taux réduit (10%);1 Semaine;Oui
3977;Cordyline;165.00;;;;Taux réduit (10%);1 Semaine;Oui
7838;Cordyline;81.00;;;;Taux réduit (10%);1 Semaine;Oui
7320;Cordyline;197.00;;;;Taux réduit (10%);1 Semaine;Oui
4934;Eleagnus eleador;43.10;;;;Taux réduit (10%);1 Semaine;Oui
4587;Eleagnus eleador;57.50;;;;Taux réduit (10%);1 Semaine;Oui
2976;Eleagnus eleador;72.30;;;;Taux réduit (10%);1 Semaine;Oui
634;Eleagnus eleador;106.00;;;;Taux réduit (10%);1 Semaine;Oui
4612;Goyavier du Bresil;51.50;;;;Taux réduit (10%);1 Semaine;Oui
8980;Goyavier du Bresil;97.50;;;;Taux réduit (10%);1 Semaine;Oui
2135;Goyavier du Bresil;1;;;;Taux réduit (10%);1 Semaine;Epuisé/Supprimé
8088;Gunnera manicata;32.20;;;;Taux réduit (10%);1 Semaine;Oui
4626;Gunnera manicata;66.00;;;;Taux réduit (10%);1 Semaine;Oui
3069-E10L;Hortensia macrophylla 'Elbtal';43.10;;;;Taux réduit (10%);1 Semaine;Oui
3069-T10L;Hortensia macrophylla 'Teller Kardinal';43.10;;;;Taux réduit (10%);1 Semaine;Oui
3069-L10L;Hortensia macrophylla 'Leuchtfeuer';43.10;;;;Taux réduit (10%);1 Semaine;Oui
3069-TL10L;Hortensia macrophylla 'Teller libelle';43.10;;;;Taux réduit (10%);1 Semaine;Oui
3069-R10L;Hortensia macrophylla 'Rosita';43.10;;;;Taux réduit (10%);1 Semaine;Oui
3069-TM10L;Hortensia macrophylla 'Teller messalina';43.10;;;;Taux réduit (10%);1 Semaine;Oui
4631;Hortensia paniculata 'Phantom';41.40;;;;Taux réduit (10%);1 Semaine;Oui
1022;Hortensia paniculata 'Vanille-Fraise';41.40;;;;Taux réduit (10%);1 Semaine;Oui
5372;Laurier Sauce;47.70;;;;Taux réduit (10%);1 Semaine;Oui
6082;Laurier Sauce;59.10;;;;Taux réduit (10%);1 Semaine;Oui
3691;Laurier Sauce;90.30;;;;Taux réduit (10%);1 Semaine;Oui
9012;Lavande angustifolia;29.10;;;;Taux réduit (10%);1 Semaine;Oui
1285;Lavande intermedia 'Dutch';29.10;;;;Taux réduit (10%);1 Semaine;Oui
1420;Lavande intermedia 'Grosso';29.10;;;;Taux réduit (10%);1 Semaine;Oui
1263;Lavande stoechas pedunculata;1;;;;Taux réduit (10%);1 Semaine;Epuisé/Supprimé
2140;Troëne jonandrum;1;;;;Taux réduit (10%);1 Semaine;Epuisé/Supprimé
4639;Troëne jonandrum;92.00;;;;Taux réduit (10%);1 Semaine;Oui
5401;Troëne jonandrum;1;;;;Taux réduit (10%);1 Semaine;Epuisé/Supprimé
8694;Troëne jonandrum;178.00;;;;Taux réduit (10%);1 Semaine;Oui
2279;Troëne jonandrum;1;;;;Taux réduit (10%);1 Semaine;Epuisé/Supprimé
4966;Troëne jonandrum;65.00;;;;Taux réduit (10%);1 Semaine;Oui
5402;Troëne jonandrum;1;;;;Taux réduit (10%);1 Semaine;Epuisé/Supprimé
8240;Magnolia grandiflora;48.00;;;;Taux réduit (10%);1 Semaine;Oui
653;Magnolia grandiflora;1;;;;Taux réduit (10%);1 Semaine;Epuisé/Supprimé
8626;Magnolia grandiflora;95.00;;;;Taux réduit (10%);1 Semaine;Oui
711;Magnolia grandiflora;123.00;;;;Taux réduit (10%);1 Semaine;Oui
2075;Myrte communis tarentina;50.00;;;;Taux réduit (10%);1 Semaine;Oui
614;Bambou sacré;38.00;;;;Taux réduit (10%);1 Semaine;Oui
624;Bambou sacré;44.00;;;;Taux réduit (10%);1 Semaine;Oui
615;Bambou sacré;1;;;;Taux réduit (10%);1 Semaine;Epuisé/Supprimé
627;Nandina fire power;38.00;;;;Taux réduit (10%);1 Semaine;Oui
2184;Perovskia atriplicifolia;36.00;;;;Taux réduit (10%);1 Semaine;Oui
8161;Palmier des Canaries;53.00;;;;Taux réduit (10%);1 Semaine;Oui
8593;Phormium tenax  Purpureum ;42.80;;;;Taux réduit (10%);1 Semaine;Oui
4994;Phormium tenax  Purpureum ;65.00;;;;Taux réduit (10%);1 Semaine;Oui
1607;Phormium tenax  Purpureum ;95.00;;;;Taux réduit (10%);1 Semaine;Oui
8566;Phormium tenax  Variegatum ;67.00;;;;Taux réduit (10%);1 Semaine;Oui
1370;Phormium tenax  Variegatum ;97.00;;;;Taux réduit (10%);1 Semaine;Oui
195;Phormium tenax;42.80;;;;Taux réduit (10%);1 Semaine;Oui
6136;Phormium tenax;65.00;;;;Taux réduit (10%);1 Semaine;Oui
1059;Photinia  Little Red Robin ;40.10;;;;Taux réduit (10%);1 Semaine;Oui
3434;Photinia  Red Robin ;48.80;;;;Taux réduit (10%);1 Semaine;Oui
2566;Photinia  Red Robin ;70.50;;;;Taux réduit (10%);1 Semaine;Oui
3698;Photinia  Red Robin ;102.20;;;;Taux réduit (10%);1 Semaine;Oui
1273;Photinia  Red Robin ;1;;;;Taux réduit (10%);1 Semaine;Epuisé/Supprimé
2772;Photinia  Red Robin ;67.00;;;;Taux réduit (10%);1 Semaine;Oui
2814;Pin parasol;131.80;;;;Taux réduit (10%);1 Semaine;Oui
2414;Pittosporum tenuifolium  Variegatum ;59.00;;;;Taux réduit (10%);1 Semaine;Oui
4152;Pittosporum tenuifolium  Variegatum ;93.00;;;;Taux réduit (10%);1 Semaine;Oui
5019;Pittosporum tenuifolium  Variegatum ;1;;;;Taux réduit (10%);1 Semaine;Epuisé/Supprimé
4154;Pittosporum tobira;44.90;;;;Taux réduit (10%);1 Semaine;Oui
8316;Pittosporum tobira;58.40;;;;Taux réduit (10%);1 Semaine;Oui
903;Pittosporum tobira  Nana ;94.40;;;;Taux réduit (10%);1 Semaine;Oui
2575;Polygala myrtifolia;50.00;;;;Taux réduit (10%);1 Semaine;Oui
8764;Polygala myrtifolia;38.00;;;;Taux réduit (10%);1 Semaine;Oui
2078;Polygala myrtifolia;55.00;;;;Taux réduit (10%);1 Semaine;Oui
1903;Polygala myrtifolia;69.00;;;;Taux réduit (10%);1 Semaine;Oui
4252;Chêne vert;69.00;;;;Taux réduit (10%);1 Semaine;Oui
2492;Jasmin étoilé;55.20;;;;Taux réduit (10%);1 Semaine;Oui
1516;Saule integra  Hakuro Nishiki;44.50;;;;Taux réduit (10%);1 Semaine;Oui
765;Saule integra  Hakuro Nishiki;55.00;;;;Taux réduit (10%);1 Semaine;Oui
2611;Laurier Tin;59.30;;;;Taux réduit (10%);1 Semaine;Oui
6822;Laurier Tin;126.00;;;;Taux réduit (10%);1 Semaine;Oui
1763;Arbre au poivre;39.80;;;;Taux réduit (10%);1 Semaine;Oui
1880;Yucca  Colour Guard ;34.50;;;;Taux réduit (10%);1 Semaine;Oui
1881;Yucca rostrata;47.00;;;;Taux réduit (10%);1 Semaine;Oui
1855;Yucca rostrata;88.00;;;;Taux réduit (10%);1 Semaine;Oui
1133;Yucca rostrata;1;;;;Taux réduit (10%);1 Semaine;Epuisé/Supprimé
1134;Yucca rostrata;1;;;;Taux réduit (10%);1 Semaine;Epuisé/Supprimé
514;Yucca rostrata;1;;;;Taux réduit (10%);1 Semaine;Epuisé/Supprimé
8744;Yucca rostrata;1;;;;Taux réduit (10%);1 Semaine;Epuisé/Supprimé
5582;Rosier  Calizia  noa 97400a;53.00;;;;Taux réduit (10%);1 Semaine;Oui
8860;Rosier  Kadora  noa 83100b;53.00;;;;Taux réduit (10%);1 Semaine;Oui
7584;Rosier  Emera  noatraum;53.00;;;;Taux réduit (10%);1 Semaine;Oui
3489;Rosier  Isalia  noat1804;53.00;;;;Taux réduit (10%);1 Semaine;Oui
6275;Rosier  Mareva  noamel;53.00;;;;Taux réduit (10%);1 Semaine;Oui
6493;Rosier  Suneva  noalesae;53.00;;;;Taux réduit (10%);1 Semaine;Oui
5915;Rosier  Opalia  noaschnee;53.00;;;;Taux réduit (10%);1 Semaine;Oui
546;Rosier  Calizia  noa 97400a;61.00;;;;Taux réduit (10%);1 Semaine;Oui
136;Rosier  Kadora  noa 83100b;61.00;;;;Taux réduit (10%);1 Semaine;Oui
6773;Rosier  Emera  noatraum;61.00;;;;Taux réduit (10%);1 Semaine;Oui
5752;Rosier  Isalia  noat1804;61.00;;;;Taux réduit (10%);1 Semaine;Oui
6776;Rosier  Mareva  noamel;61.00;;;;Taux réduit (10%);1 Semaine;Oui
6465;Rosier  Suneva  noalesae;61.00;;;;Taux réduit (10%);1 Semaine;Oui
7592;Rosier  Vésuvia  noare;61.00;;;;Taux réduit (10%);1 Semaine;Oui
6779;Rosier  Opalia  noaschnee;61.00;;;;Taux réduit (10%);1 Semaine;Oui
2428;Bamb Hibanobambousa tranquillans Shiro;52.10;;;;Taux réduit (10%);1 Semaine;Oui
284;Bambou Phyllostachys aurea;1;;;;Taux réduit (10%);1 Semaine;Epuisé/Supprimé
5261;Bambou Phyllostachys aurea;48.00;;;;Taux réduit (10%);1 Semaine;Oui
5246;Bambou Phyllostachys aurea;69.80;;;;Taux réduit (10%);1 Semaine;Oui
2416;Bambou Fargesia 'Rufa';73.30;;;;Taux réduit (10%);1 Semaine;Oui
2419;Bambou Fargesia 'Rufa';1;;;;Taux réduit (10%);1 Semaine;Epuisé/Supprimé
5301;Bamb Phyllostachys aureosulcata Specta;1;;;;Taux réduit (10%);1 Semaine;Epuisé/Supprimé
559;Bamb Phyllostachys aureosulcata Specta;48.00;;;;Taux réduit (10%);1 Semaine;Oui
560;Bamb Phyllostachys aureosulcata Specta;69.80;;;;Taux réduit (10%);1 Semaine;Oui
1163;Bambou Phyllostachys bissetti;1;;;;Taux réduit (10%);1 Semaine;Epuisé/Supprimé
5240;Bambou Phyllostachys bissetti;48.00;;;;Taux réduit (10%);1 Semaine;Oui
1724;Bambou Phyllostachys bissetti;69.80;;;;Taux réduit (10%);1 Semaine;Oui
196;Bambou Phyllostachys nigra;73.30;;;;Taux réduit (10%);1 Semaine;Oui
5305;Bambou Pseudosasa japonica;1;;;;Taux réduit (10%);1 Semaine;Epuisé/Supprimé
5877;Bambou Pseudosasa japonica;54.50;;;;Taux réduit (10%);1 Semaine;Oui
7030;Bambou Pseudosasa japonica;69.90;;;;Taux réduit (10%);1 Semaine;Oui
5902;Buis sempervirens;1;;;;Taux réduit (10%);1 Semaine;Epuisé/Supprimé
3607;Buis sempervirens;25.00;;;;Taux réduit (10%);1 Semaine;Oui
7027;Buis sempervirens;1;;;;Taux réduit (10%);1 Semaine;Epuisé/Supprimé
8787;Lilas des indes;42.60;;;;Taux réduit (10%);1 Semaine;Oui
681;Lilas des indes;68.00;;;;Taux réduit (10%);1 Semaine;Oui
466;Lilas des indes;1;;;;Taux réduit (10%);1 Semaine;Epuisé/Supprimé
2477;Erable freemanii Autumn Blaze Jeffersred;1;;;;Taux réduit (10%);1 Semaine;Epuisé/Supprimé
8698;Palmier capitata;44.00;;;;Taux réduit (10%);1 Semaine;Oui
2521;Dasylirion glaucophyllum;72.00;;;;Taux réduit (10%);1 Semaine;Oui
3830;Cordyline;133.00;;;;Taux réduit (10%);1 Semaine;Oui
2527;Troëne jonandrum;148.00;;;;Taux réduit (10%);1 Semaine;Oui
1766;Bambou sacré;99.00;;;;Taux réduit (10%);1 Semaine;Oui
8550;Pennisetum villosum;23.60;;;;Taux réduit (10%);1 Semaine;Oui
1605;Phormium tenax;95.00;;;;Taux réduit (10%);1 Semaine;Oui
6148;Photinia  Little Red Robin ;61.00;;;;Taux réduit (10%);1 Semaine;Oui
 xxxx;Romarin officinal  ;25.00;;;;Taux réduit (10%);1 Semaine;Oui
3433;Photinia  Red Robin ;42.50;;;;Taux réduit (10%);1 Semaine;Oui
7509;Pittosporum tobira;99.80;;;;Taux réduit (10%);1 Semaine;Oui
7504;Pittosporum tobira  Nana ;39.80;;;;Taux réduit (10%);1 Semaine;Oui
2939;Chêne vert;107.80;;;;Taux réduit (10%);1 Semaine;Oui
4704;Chêne vert;34.50;;;;Taux réduit (10%);1 Semaine;Oui
5914;Rosier  Kadora  noa 83100b;25.80;;;;Taux réduit (10%);1 Semaine;Oui
7136;Rosier  Vésuvia  noare;53.00;;;;Taux réduit (10%);1 Semaine;Oui
3789;Saule integra  Hakuro Nishiki;25.40;;;;Taux réduit (10%);1 Semaine;Oui
8177;Palmier de Chine;63.90;;;;Taux réduit (10%);1 Semaine;Oui
1781;Viorne plicatum  Watanabe  ;26.60;;;;Taux réduit (10%);1 Semaine;Oui
5653;Laurier Tin;91.30;;;;Taux réduit (10%);1 Semaine;Oui
7056;Weigelia florida  Nana Variegata ;25.00;;;;Taux réduit (10%);1 Semaine;Oui
973;Yucca rostrata;1;;;;Taux réduit (10%);1 Semaine;Epuisé/Supprimé
